{
  "books": [
    {
      "id": 1,
      "title": "Останнє королівство",
      "author": "Бернард Корнуелл",
      "genres": [
        "пригоди"
      ],
      "rating": 8.38
    },
    {
      "id": 2,
      "title": "На березі спокійних вод",
      "author": "Роберт Шеклі",
      "genres": [
        "фантастика"
      ],
      "rating": 8.51
    },
    {
      "id": 3,
      "title": "Пожирач привидів",
      "author": "Говард Лавкрафт",
      "genres": [
        "жахи",
        "містика"
      ],
      "rating": 7.94
    },
    {
      "id": 4,
      "title": "Викритий пройдисвіт",
      "author": "Франц Кафка",
      "genres": [
        "класика"
      ],
      "rating": 6.62
    },
    {
      "id": 5,
      "title": "Два сонця",
      "author": "Леонід Кудрявцев",
      "genres": [
        "фантастика"
      ],
      "rating": 6.36
    },
    {
      "id": 6,
      "title": "Сон смішної людини",
      "author": "Федор Достоєвський",
      "genres": [
        "класика"
      ],
      "rating": 7.75
    },
    {
      "title": "Тестова книга",
      "author": "Я",
      "genres": [
        "JS"
      ],
      "rating": 10,
      "id": 7
    },
    {
      "title": "Тестова книга",
      "author": "Я",
      "genres": [
        "JS"
      ],
      "rating": 10,
      "id": 8
    },
    {
      "title": "Велика тестова книга з CSS",
      "author": "Я",
      "genres": [
        "CSS"
      ],
      "rating": 9,
      "id": 11
    },
    {
      "title": "Тестова книга з CSS",
      "author": "Я",
      "genres": [
        "CSS"
      ],
      "rating": 9,
      "id": 12
    },
    {
      "title": "Велика нова тестова книга з HTML",
      "author": "Я",
      "genres": [
        "HTML"
      ],
      "rating": 7,
      "id": 13
    },
    {
      "title": "Тестова книга з HTML",
      "author": "Манго",
      "genres": [
        "HTML"
      ],
      "rating": 4,
      "id": 17
    },
    {
      "title": "Тестова книга з CSS",
      "author": "Я",
      "genres": [
        "CSS"
      ],
      "rating": 1,
      "id": 18
    },
    {
      "title": "Велика нова книга з NODEJS",
      "author": "Я",
      "genres": [
        "HTML"
      ],
      "rating": 7,
      "id": 19
    },
    {
      "title": "Тестова книга з CSS",
      "author": "Я",
      "genres": [
        "CSS"
      ],
      "rating": 9,
      "id": 20
    },
    {
      "title": "Тестова книга з CSS",
      "author": "Я",
      "genres": [
        "CSS"
      ],
      "rating": 9,
      "id": 21
    }
  ]
}